[
  {
    "data": [
      {
        "x": -80.95,
        "y": 14.25,
        "angle": 1.571,
        "data": [
          2.85,
          8.65,
          -6.3,
          12.4,
          3.45,
          -21.05
        ]
      },
      {
        "x": -84.95,
        "y": 30.15,
        "angle": 0,
        "data": [
          16.4,
          -9.6,
          0.65,
          28.95,
          -17.05,
          -19.35
        ]
      },
      {
        "x": -52.2,
        "y": 43.2,
        "angle": 0,
        "data": [
          -2.1,
          32.4,
          -16.35,
          -22.65,
          18.45,
          -9.75
        ]
      },
      {
        "x": -69.05,
        "y": 51.75,
        "angle": 0,
        "data": [
          14.75,
          23.85,
          -15.25,
          7.35,
          0.5,
          -31.2
        ]
      },
      {
        "x": -59.8,
        "y": -6.5,
        "angle": 0,
        "data": [
          5.5,
          9.2,
          -5.3,
          9.2,
          -0.2,
          -18.4
        ]
      },
      {
        "x": -83.63,
        "y": 2.28,
        "angle": 0,
        "data": [
          11.32,
          9.12,
          -18.37,
          8.52,
          -4.12,
          -15.18,
          18.52,
          0.42
        ]
      },
      {
        "x": -34.67,
        "y": -6.79,
        "angle": 0,
        "data": [
          8.79,
          -20.21,
          24.02,
          -1.61,
          14.57,
          26.89,
          -19.63,
          9.49,
          -25.33,
          -18.11
        ]
      },
      {
        "x": -31.65,
        "y": 54.55,
        "angle": 0,
        "data": [
          24.75,
          0.05,
          -22.65,
          21.05,
          -2.1,
          -21.1
        ]
      },
      {
        "x": 10.3,
        "y": 61.1,
        "angle": 0,
        "data": [
          2,
          22.6,
          -17.2,
          -6.5,
          15.2,
          -16.1
        ]
      },
      {
        "x": 0.02,
        "y": 8.45,
        "angle": 0,
        "data": [
          -0.32,
          19.45,
          -20.12,
          11.65,
          -10.67,
          -16.85,
          6.62,
          -18.35,
          23.38,
          0.25
        ]
      },
      {
        "x": -16.3,
        "y": 71.3,
        "angle": 0,
        "data": [
          28.6,
          12.4,
          -38,
          4.3,
          9.4,
          -16.7
        ]
      },
      {
        "x": 39.19,
        "y": 51.42,
        "angle": 0,
        "data": [
          23.81,
          4.68,
          -26.89,
          32.28,
          -13.69,
          -6.42,
          10.01,
          -34.92
        ]
      },
      {
        "x": 47.46,
        "y": -4.54,
        "angle": 0,
        "data": [
          0.99,
          -9.93,
          13.74,
          1.62,
          -2.16,
          9.34,
          -8.76,
          5.74,
          -10.26,
          -4.16
        ]
      },
      {
        "x": 68.5,
        "y": 30.6,
        "angle": 0,
        "data": [
          24.8,
          -11.4,
          -5.5,
          25.5,
          -19.3,
          -14.1
        ]
      },
      {
        "x": 51.9,
        "y": 6.13,
        "angle": 0,
        "data": [
          9.3,
          -9.05,
          -2.7,
          10.37,
          -6.6,
          -1.33
        ]
      },
      {
        "x": 54.55,
        "y": -15.3,
        "angle": 0,
        "data": [
          6.65,
          12.38,
          -6.1,
          0.83,
          -0.55,
          -13.2
        ]
      },
      {
        "x": 18.44,
        "y": -19.91,
        "angle": 0,
        "data": [
          9.27,
          -8.74,
          10.59,
          5.51,
          -11.8,
          10.01,
          -8.52,
          -4.54,
          0.76,
          -10.09
        ]
      },
      {
        "x": 66.01,
        "y": -51.71,
        "angle": 0,
        "data": [
          30.59,
          12.11,
          -12.01,
          23.21,
          -23.41,
          14.21,
          -6.91,
          -33.79
        ]
      },
      {
        "x": 26.39,
        "y": -62.53,
        "angle": 0,
        "data": [
          16.21,
          25.03,
          -3.29,
          26.23,
          -15.29,
          25.03,
          -26.69,
          17.53,
          -24.59,
          -17.57,
          32.71,
          -22.97
        ]
      },
      {
        "x": -8.72,
        "y": -60.78,
        "angle": 0,
        "data": [
          8.42,
          15.78,
          -9.13,
          21.48,
          -13.48,
          -9.72,
          10.52,
          -19.32
        ]
      },
      {
        "x": -27.35,
        "y": -56.3,
        "angle": 0,
        "data": [
          9.5,
          17,
          -15.25,
          1.7,
          5.15,
          -14.2
        ]
      },
      {
        "x": -37.88,
        "y": -37.69,
        "angle": 0,
        "data": [
          20.03,
          -1.61,
          12.01,
          10.69,
          -22.12,
          12.79,
          -4.72,
          -16.91
        ]
      },
      {
        "x": 19.69,
        "y": -5.2,
        "angle": 0,
        "data": [
          9.34,
          -9.2,
          3.71,
          13.9,
          -13.05,
          -4.7
        ]
      },
      {
        "x": -70.95,
        "y": -11.7,
        "angle": 0,
        "data": [
          5.85,
          14.4,
          -16.8,
          -1.2,
          10.95,
          -13.2
        ]
      },
      {
        "x": 67.9,
        "y": 10.92,
        "angle": 0,
        "data": [
          25.4,
          8.28,
          -18.7,
          5.58,
          -6.7,
          -13.85
        ]
      },
      {
        "x": 78.81,
        "y": -13.72,
        "angle": 0,
        "data": [
          17.79,
          -25.88,
          14.49,
          32.92,
          -17.61,
          10.79,
          -24.81,
          -14.78
        ]
      }
    ],
    "properties": {
      "shape": "polygon",
      "type": "vector",
      "fixture": {
        "density": 1,
        "friction": 0.5,
        "restitution": 0.2,
        "filter": {
          "categoryBits": 6
        }
      }
    }
  }
]
