[
  {
    "data": [
      {
        "x": -52.31,
        "y": 26.79,
        "angle": 0,
        "data": [
          22.71,
          1.61,
          -11.49,
          20.91,
          -21.49,
          -5.39,
          12.31,
          -18.79
        ]
      },
      {
        "x": -55.58,
        "y": -22.1,
        "angle": 0,
        "data": [
          20.58,
          1.1,
          14.08,
          20.3,
          -19.22,
          14.3,
          -7.82,
          -30.3
        ]
      },
      {
        "x": -40.58,
        "y": -49.54,
        "angle": 0,
        "data": [
          21.38,
          13.74,
          5.58,
          28.54,
          -22.82,
          -2.86,
          -0.82,
          -32.46
        ]
      },
      {
        "x": -22.54,
        "y": -70.13,
        "angle": 0,
        "data": [
          8.34,
          -27.87,
          12.74,
          11.93,
          3.34,
          34.33,
          -18.86,
          -11.87
        ]
      },
      {
        "x": 57.39,
        "y": -28.74,
        "angle": 0,
        "data": [
          20.81,
          -20.81,
          14.61,
          14.04,
          -14.19,
          22.34,
          -20.99,
          3.34,
          -10.99,
          -16.26
        ]
      },
      {
        "x": 57.54,
        "y": 4.06,
        "angle": 0,
        "data": [
          14.46,
          -18.76,
          16.66,
          14.39,
          -20.94,
          12.54,
          -14.34,
          -10.46
        ]
      },
      {
        "x": -39.75,
        "y": 49.96,
        "angle": 0,
        "data": [
          24.15,
          1.84,
          -10.05,
          21.79,
          -24.05,
          -2.26,
          10.15,
          -21.56
        ]
      },
      {
        "x": -29.86,
        "y": 70.8,
        "angle": 0,
        "data": [
          17.86,
          -10.8,
          -2.44,
          20.58,
          -19.94,
          0.95,
          14.26,
          -19
        ]
      },
      {
        "x": -8.86,
        "y": 80.93,
        "angle": 0,
        "data": [
          13.06,
          -13.53,
          17.81,
          16.26,
          -23.44,
          10.44,
          -3.14,
          -20.93
        ]
      },
      {
        "x": 54.2,
        "y": 29.22,
        "angle": 0,
        "data": [
          20,
          -10.77,
          23.2,
          15.1,
          -29.2,
          5.18,
          -17.6,
          -12.62
        ]
      },
      {
        "x": 49.45,
        "y": 49.4,
        "angle": 0,
        "data": [
          27.95,
          -5.07,
          22.95,
          17.56,
          -31.85,
          0.6,
          -24.45,
          -15
        ]
      },
      {
        "x": 42.58,
        "y": 66.16,
        "angle": 0,
        "data": [
          29.82,
          0.8,
          17.32,
          17.22,
          -29.58,
          -4.16,
          -24.98,
          -16.16
        ]
      },
      {
        "x": 24.64,
        "y": 80.1,
        "angle": 0,
        "data": [
          35.26,
          3.28,
          -15.69,
          17.09,
          -20.44,
          -12.7,
          -11.64,
          -18.1
        ]
      },
      {
        "x": -19.34,
        "y": 40.14,
        "angle": 0,
        "data": [
          6.94,
          4.76,
          3.74,
          11.66,
          -10.26,
          -11.74,
          2.34,
          -3.94
        ]
      },
      {
        "x": 37.18,
        "y": -14.24,
        "angle": 0,
        "data": [
          6.02,
          7.84,
          -3.48,
          4.94,
          -4.38,
          -1.76,
          -0.78,
          -11.16
        ]
      },
      {
        "x": 34.17,
        "y": -49.88,
        "angle": 0,
        "data": [
          12.23,
          4.88,
          2.23,
          24.48,
          -12.77,
          2.28,
          -0.57,
          -27.92
        ]
      },
      {
        "x": -1.03,
        "y": -78.94,
        "angle": 0,
        "data": [
          14.03,
          -20.26,
          6.23,
          26.54,
          -8.77,
          20.74,
          -13.17,
          -19.06
        ]
      },
      {
        "x": 18.18,
        "y": -70.85,
        "angle": 0,
        "data": [
          15.42,
          -6.95,
          3.22,
          23.25,
          -12.98,
          18.45,
          -5.18,
          -28.35
        ]
      },
      {
        "x": 52.73,
        "y": -57.45,
        "angle": 0,
        "data": [
          25.47,
          7.9,
          -6.33,
          12.45,
          -19.13,
          -20.35
        ]
      },
      {
        "x": -60.27,
        "y": 5.34,
        "angle": 0,
        "data": [
          18.77,
          -7.14,
          20.27,
          2.66,
          -13.53,
          16.06,
          -14.53,
          -13.14
        ]
      }
    ],
    "properties": {
      "shape": "polygon",
      "type": "vector",
      "fixture": {
        "density": 1,
        "friction": 0.5,
        "restitution": 0.2,
        "filter": {
          "categoryBits": 6
        }
      }
    }
  }
]
